{"docstore/data": {"8d9ea5f0-fa85-4503-9fc5-0494c9065650": {"__data__": {"id_": "8d9ea5f0-fa85-4503-9fc5-0494c9065650", "embedding": null, "metadata": {"source": "system", "type": "initialization"}, "excluded_embed_metadata_keys": [], "excluded_llm_metadata_keys": [], "relationships": {}, "metadata_template": "{key}: {value}", "metadata_separator": "\n", "text_resource": {"embeddings": null, "text": "System: Dynamic knowledge graph initialized on 2025-08-04T17:22:47.833519. This graph will be updated with entities and relationships from conversations.", "path": null, "url": null, "mimetype": null}, "image_resource": null, "audio_resource": null, "video_resource": null, "text_template": "{metadata_str}\n\n{content}", "class_name": "Document", "text": "System: Dynamic knowledge graph initialized on 2025-08-04T17:22:47.833519. This graph will be updated with entities and relationships from conversations."}, "__type__": "4"}, "b2e85b15-f576-4144-96e7-3fd2fde12a7e": {"__data__": {"id_": "b2e85b15-f576-4144-96e7-3fd2fde12a7e", "embedding": null, "metadata": {"source": "system", "type": "initialization"}, "excluded_embed_metadata_keys": [], "excluded_llm_metadata_keys": [], "relationships": {"1": {"node_id": "8d9ea5f0-fa85-4503-9fc5-0494c9065650", "node_type": "4", "metadata": {"source": "system", "type": "initialization"}, "hash": "ac77d9f7c4357333998112e790343ac794d38bc3fcfe37e8a57ab566ad8912df", "class_name": "RelatedNodeInfo"}}, "metadata_template": "{key}: {value}", "metadata_separator": "\n", "text": "System: Dynamic knowledge graph initialized on 2025-08-04T17:22:47.833519. This graph will be updated with entities and relationships from conversations.", "mimetype": "text/plain", "start_char_idx": 0, "end_char_idx": 153, "metadata_seperator": "\n", "text_template": "{metadata_str}\n\n{content}", "class_name": "TextNode"}, "__type__": "1"}, "conv_triplet_173853864242594157_1754688461": {"__data__": {"id_": "conv_triplet_173853864242594157_1754688461", "embedding": null, "metadata": {}, "excluded_embed_metadata_keys": [], "excluded_llm_metadata_keys": [], "relationships": {}, "metadata_template": "{key}: {value}", "metadata_separator": "\n", "text": "What relates_to Your", "mimetype": "text/plain", "start_char_idx": null, "end_char_idx": null, "metadata_seperator": "\n", "text_template": "{metadata_str}\n\n{content}", "class_name": "TextNode"}, "__type__": "1"}, "conv_triplet_5608972565607250980_1754688461": {"__data__": {"id_": "conv_triplet_5608972565607250980_1754688461", "embedding": null, "metadata": {}, "excluded_embed_metadata_keys": [], "excluded_llm_metadata_keys": [], "relationships": {}, "metadata_template": "{key}: {value}", "metadata_separator": "\n", "text": "Your mentioned_with Name", "mimetype": "text/plain", "start_char_idx": null, "end_char_idx": null, "metadata_seperator": "\n", "text_template": "{metadata_str}\n\n{content}", "class_name": "TextNode"}, "__type__": "1"}, "conv_triplet_-8045786558761423112_1754688461": {"__data__": {"id_": "conv_triplet_-8045786558761423112_1754688461", "embedding": null, "metadata": {}, "excluded_embed_metadata_keys": [], "excluded_llm_metadata_keys": [], "relationships": {}, "metadata_template": "{key}: {value}", "metadata_separator": "\n", "text": "User discussed What", "mimetype": "text/plain", "start_char_idx": null, "end_char_idx": null, "metadata_seperator": "\n", "text_template": "{metadata_str}\n\n{content}", "class_name": "TextNode"}, "__type__": "1"}, "conv_triplet_1961679430072880443_1754770215": {"__data__": {"id_": "conv_triplet_1961679430072880443_1754770215", "embedding": null, "metadata": {}, "excluded_embed_metadata_keys": [], "excluded_llm_metadata_keys": [], "relationships": {}, "metadata_template": "{key}: {value}", "metadata_separator": "\n", "text": "Live relates_to Francisco", "mimetype": "text/plain", "start_char_idx": null, "end_char_idx": null, "metadata_seperator": "\n", "text_template": "{metadata_str}\n\n{content}", "class_name": "TextNode"}, "__type__": "1"}, "conv_triplet_-362060582430644119_1754770215": {"__data__": {"id_": "conv_triplet_-362060582430644119_1754770215", "embedding": null, "metadata": {}, "excluded_embed_metadata_keys": [], "excluded_llm_metadata_keys": [], "relationships": {}, "metadata_template": "{key}: {value}", "metadata_separator": "\n", "text": "Francisco mentioned_with There", "mimetype": "text/plain", "start_char_idx": null, "end_char_idx": null, "metadata_seperator": "\n", "text_template": "{metadata_str}\n\n{content}", "class_name": "TextNode"}, "__type__": "1"}, "conv_triplet_-2445153763803347991_1754770215": {"__data__": {"id_": "conv_triplet_-2445153763803347991_1754770215", "embedding": null, "metadata": {}, "excluded_embed_metadata_keys": [], "excluded_llm_metadata_keys": [], "relationships": {}, "metadata_template": "{key}: {value}", "metadata_separator": "\n", "text": "User discussed Live", "mimetype": "text/plain", "start_char_idx": null, "end_char_idx": null, "metadata_seperator": "\n", "text_template": "{metadata_str}\n\n{content}", "class_name": "TextNode"}, "__type__": "1"}, "conv_triplet_-7301146958169602795_1754770400": {"__data__": {"id_": "conv_triplet_-7301146958169602795_1754770400", "embedding": null, "metadata": {}, "excluded_embed_metadata_keys": [], "excluded_llm_metadata_keys": [], "relationships": {}, "metadata_template": "{key}: {value}", "metadata_separator": "\n", "text": "What relates_to Best", "mimetype": "text/plain", "start_char_idx": null, "end_char_idx": null, "metadata_seperator": "\n", "text_template": "{metadata_str}\n\n{content}", "class_name": "TextNode"}, "__type__": "1"}, "conv_triplet_-3037717376174069076_1754770400": {"__data__": {"id_": "conv_triplet_-3037717376174069076_1754770400", "embedding": null, "metadata": {}, "excluded_embed_metadata_keys": [], "excluded_llm_metadata_keys": [], "relationships": {}, "metadata_template": "{key}: {value}", "metadata_separator": "\n", "text": "Best mentioned_with Have", "mimetype": "text/plain", "start_char_idx": null, "end_char_idx": null, "metadata_seperator": "\n", "text_template": "{metadata_str}\n\n{content}", "class_name": "TextNode"}, "__type__": "1"}, "conv_triplet_6577158230380433365_1754770400": {"__data__": {"id_": "conv_triplet_6577158230380433365_1754770400", "embedding": null, "metadata": {}, "excluded_embed_metadata_keys": [], "excluded_llm_metadata_keys": [], "relationships": {}, "metadata_template": "{key}: {value}", "metadata_separator": "\n", "text": "User discussed What", "mimetype": "text/plain", "start_char_idx": null, "end_char_idx": null, "metadata_seperator": "\n", "text_template": "{metadata_str}\n\n{content}", "class_name": "TextNode"}, "__type__": "1"}, "conv_triplet_5361152331820338245_1754770747": {"__data__": {"id_": "conv_triplet_5361152331820338245_1754770747", "embedding": null, "metadata": {}, "excluded_embed_metadata_keys": [], "excluded_llm_metadata_keys": [], "relationships": {}, "metadata_template": "{key}: {value}", "metadata_separator": "\n", "text": "User discussed That", "mimetype": "text/plain", "start_char_idx": null, "end_char_idx": null, "metadata_seperator": "\n", "text_template": "{metadata_str}\n\n{content}", "class_name": "TextNode"}, "__type__": "1"}, "conv_triplet_4177692504814120445_1754948689": {"__data__": {"id_": "conv_triplet_4177692504814120445_1754948689", "embedding": null, "metadata": {}, "excluded_embed_metadata_keys": [], "excluded_llm_metadata_keys": [], "relationships": {}, "metadata_template": "{key}: {value}", "metadata_separator": "\n", "text": "Build relates_to Fire", "mimetype": "text/plain", "start_char_idx": null, "end_char_idx": null, "metadata_seperator": "\n", "text_template": "{metadata_str}\n\n{content}", "class_name": "TextNode"}, "__type__": "1"}, "conv_triplet_-8748238740572714460_1754948689": {"__data__": {"id_": "conv_triplet_-8748238740572714460_1754948689", "embedding": null, "metadata": {}, "excluded_embed_metadata_keys": [], "excluded_llm_metadata_keys": [], "relationships": {}, "metadata_template": "{key}: {value}", "metadata_separator": "\n", "text": "User discussed Build", "mimetype": "text/plain", "start_char_idx": null, "end_char_idx": null, "metadata_seperator": "\n", "text_template": "{metadata_str}\n\n{content}", "class_name": "TextNode"}, "__type__": "1"}, "conv_triplet_-2945234622701098158_1754949711": {"__data__": {"id_": "conv_triplet_-2945234622701098158_1754949711", "embedding": null, "metadata": {}, "excluded_embed_metadata_keys": [], "excluded_llm_metadata_keys": [], "relationships": {}, "metadata_template": "{key}: {value}", "metadata_separator": "\n", "text": "Started relates_to With", "mimetype": "text/plain", "start_char_idx": null, "end_char_idx": null, "metadata_seperator": "\n", "text_template": "{metadata_str}\n\n{content}", "class_name": "TextNode"}, "__type__": "1"}, "conv_triplet_-3712008871883226713_1754949711": {"__data__": {"id_": "conv_triplet_-3712008871883226713_1754949711", "embedding": null, "metadata": {}, "excluded_embed_metadata_keys": [], "excluded_llm_metadata_keys": [], "relationships": {}, "metadata_template": "{key}: {value}", "metadata_separator": "\n", "text": "With mentioned_with Planting", "mimetype": "text/plain", "start_char_idx": null, "end_char_idx": null, "metadata_seperator": "\n", "text_template": "{metadata_str}\n\n{content}", "class_name": "TextNode"}, "__type__": "1"}, "conv_triplet_9137723004453780717_1754949711": {"__data__": {"id_": "conv_triplet_9137723004453780717_1754949711", "embedding": null, "metadata": {}, "excluded_embed_metadata_keys": [], "excluded_llm_metadata_keys": [], "relationships": {}, "metadata_template": "{key}: {value}", "metadata_separator": "\n", "text": "User discussed Started", "mimetype": "text/plain", "start_char_idx": null, "end_char_idx": null, "metadata_seperator": "\n", "text_template": "{metadata_str}\n\n{content}", "class_name": "TextNode"}, "__type__": "1"}, "conv_triplet_6229191130614904452_1754949842": {"__data__": {"id_": "conv_triplet_6229191130614904452_1754949842", "embedding": null, "metadata": {}, "excluded_embed_metadata_keys": [], "excluded_llm_metadata_keys": [], "relationships": {}, "metadata_template": "{key}: {value}", "metadata_separator": "\n", "text": "What relates_to Wild", "mimetype": "text/plain", "start_char_idx": null, "end_char_idx": null, "metadata_seperator": "\n", "text_template": "{metadata_str}\n\n{content}", "class_name": "TextNode"}, "__type__": "1"}, "conv_triplet_8191538558498929673_1754949842": {"__data__": {"id_": "conv_triplet_8191538558498929673_1754949842", "embedding": null, "metadata": {}, "excluded_embed_metadata_keys": [], "excluded_llm_metadata_keys": [], "relationships": {}, "metadata_template": "{key}: {value}", "metadata_separator": "\n", "text": "Wild mentioned_with Plants", "mimetype": "text/plain", "start_char_idx": null, "end_char_idx": null, "metadata_seperator": "\n", "text_template": "{metadata_str}\n\n{content}", "class_name": "TextNode"}, "__type__": "1"}, "conv_triplet_-7801699182098785195_1754949842": {"__data__": {"id_": "conv_triplet_-7801699182098785195_1754949842", "embedding": null, "metadata": {}, "excluded_embed_metadata_keys": [], "excluded_llm_metadata_keys": [], "relationships": {}, "metadata_template": "{key}: {value}", "metadata_separator": "\n", "text": "User discussed What", "mimetype": "text/plain", "start_char_idx": null, "end_char_idx": null, "metadata_seperator": "\n", "text_template": "{metadata_str}\n\n{content}", "class_name": "TextNode"}, "__type__": "1"}, "conv_triplet_-9001208177593679892_1754950267": {"__data__": {"id_": "conv_triplet_-9001208177593679892_1754950267", "embedding": null, "metadata": {}, "excluded_embed_metadata_keys": [], "excluded_llm_metadata_keys": [], "relationships": {}, "metadata_template": "{key}: {value}", "metadata_separator": "\n", "text": "What relates_to Best", "mimetype": "text/plain", "start_char_idx": null, "end_char_idx": null, "metadata_seperator": "\n", "text_template": "{metadata_str}\n\n{content}", "class_name": "TextNode"}, "__type__": "1"}, "conv_triplet_-4427069578489147767_1754950267": {"__data__": {"id_": "conv_triplet_-4427069578489147767_1754950267", "embedding": null, "metadata": {}, "excluded_embed_metadata_keys": [], "excluded_llm_metadata_keys": [], "relationships": {}, "metadata_template": "{key}: {value}", "metadata_separator": "\n", "text": "Best mentioned_with Build", "mimetype": "text/plain", "start_char_idx": null, "end_char_idx": null, "metadata_seperator": "\n", "text_template": "{metadata_str}\n\n{content}", "class_name": "TextNode"}, "__type__": "1"}, "conv_triplet_-7801699182098785195_1754950267": {"__data__": {"id_": "conv_triplet_-7801699182098785195_1754950267", "embedding": null, "metadata": {}, "excluded_embed_metadata_keys": [], "excluded_llm_metadata_keys": [], "relationships": {}, "metadata_template": "{key}: {value}", "metadata_separator": "\n", "text": "User discussed What", "mimetype": "text/plain", "start_char_idx": null, "end_char_idx": null, "metadata_seperator": "\n", "text_template": "{metadata_str}\n\n{content}", "class_name": "TextNode"}, "__type__": "1"}, "conv_triplet_6647920960925748226_1755145356": {"__data__": {"id_": "conv_triplet_6647920960925748226_1755145356", "embedding": null, "metadata": {}, "excluded_embed_metadata_keys": [], "excluded_llm_metadata_keys": [], "relationships": {}, "metadata_template": "{key}: {value}", "metadata_separator": "\n", "text": "Traveled relates_to Inodnesia", "mimetype": "text/plain", "start_char_idx": null, "end_char_idx": null, "metadata_seperator": "\n", "text_template": "{metadata_str}\n\n{content}", "class_name": "TextNode"}, "__type__": "1"}, "conv_triplet_-9182128725999056140_1755145356": {"__data__": {"id_": "conv_triplet_-9182128725999056140_1755145356", "embedding": null, "metadata": {}, "excluded_embed_metadata_keys": [], "excluded_llm_metadata_keys": [], "relationships": {}, "metadata_template": "{key}: {value}", "metadata_separator": "\n", "text": "Inodnesia mentioned_with Martial", "mimetype": "text/plain", "start_char_idx": null, "end_char_idx": null, "metadata_seperator": "\n", "text_template": "{metadata_str}\n\n{content}", "class_name": "TextNode"}, "__type__": "1"}, "conv_triplet_-6532743895707611032_1755145356": {"__data__": {"id_": "conv_triplet_-6532743895707611032_1755145356", "embedding": null, "metadata": {}, "excluded_embed_metadata_keys": [], "excluded_llm_metadata_keys": [], "relationships": {}, "metadata_template": "{key}: {value}", "metadata_separator": "\n", "text": "User discussed Traveled", "mimetype": "text/plain", "start_char_idx": null, "end_char_idx": null, "metadata_seperator": "\n", "text_template": "{metadata_str}\n\n{content}", "class_name": "TextNode"}, "__type__": "1"}}, "docstore/metadata": {"8d9ea5f0-fa85-4503-9fc5-0494c9065650": {"doc_hash": "ac77d9f7c4357333998112e790343ac794d38bc3fcfe37e8a57ab566ad8912df"}, "b2e85b15-f576-4144-96e7-3fd2fde12a7e": {"doc_hash": "ff102d9c7979cbda638685ed79b2dc11f046e68d4bade7d691773467c48e8b99", "ref_doc_id": "8d9ea5f0-fa85-4503-9fc5-0494c9065650"}, "conv_triplet_173853864242594157_1754688461": {"doc_hash": "9319b93f3cd144190ef097dc59461a48fb104350bf91f4cbd68409c27b97260c"}, "conv_triplet_5608972565607250980_1754688461": {"doc_hash": "f134d2b1443afb25b6f2409f3cfc31fddb33bb0b5d55f2646769de357830e9ff"}, "conv_triplet_-8045786558761423112_1754688461": {"doc_hash": "a2e05ba37326312591eed0fb2fabc5a8ed20b0703fdd0dc2970814472ba2e31a"}, "conv_triplet_1961679430072880443_1754770215": {"doc_hash": "8696c91b028db3b2b0d22fa5421bcedbb8d25a56e0ec9e5e7e04f5d39ffa052c"}, "conv_triplet_-362060582430644119_1754770215": {"doc_hash": "63f79bb126588b763a05e74239723f9892c919a0d9352f012ea0ada806a764ad"}, "conv_triplet_-2445153763803347991_1754770215": {"doc_hash": "9df6907dfa9fe362e953160da478b57caa9036ee3360793873e4c6935d5c0759"}, "conv_triplet_-7301146958169602795_1754770400": {"doc_hash": "aa4e33bd10fcf18193a12856322d660f2cf40824a7e02e01a34859c35c378527"}, "conv_triplet_-3037717376174069076_1754770400": {"doc_hash": "e5ca1e206365cbb885187af3e72ecb556176a277a22e13c2a9ea064a972e348e"}, "conv_triplet_6577158230380433365_1754770400": {"doc_hash": "a2e05ba37326312591eed0fb2fabc5a8ed20b0703fdd0dc2970814472ba2e31a"}, "conv_triplet_5361152331820338245_1754770747": {"doc_hash": "2d4bec574cb960b504723016b28189484c4ae13845bd643b8757a47a760c9f2b"}, "conv_triplet_4177692504814120445_1754948689": {"doc_hash": "57649f5ac14fc4795f5c087a7bcae9d07b34fd625e77a72a0ded6a55225444ed"}, "conv_triplet_-8748238740572714460_1754948689": {"doc_hash": "1899a973c62812fcf12d24799f110ff21b5a08514757c40f17e4259041321b43"}, "conv_triplet_-2945234622701098158_1754949711": {"doc_hash": "8bb6bae17d6f096fdb35c4d6058f466478123f5477733318ad9240ab39c02b96"}, "conv_triplet_-3712008871883226713_1754949711": {"doc_hash": "11a8bc0beb742343356d888c6007d9e44546a76761a0807f299d0d5692c697e9"}, "conv_triplet_9137723004453780717_1754949711": {"doc_hash": "bf0f1a848091d51750b478c40e86198c4ddf88a1281161b3d2e6803f7db74d7a"}, "conv_triplet_6229191130614904452_1754949842": {"doc_hash": "ba9eda8f333158cbac539a85770c146c0d3ea11b59d3b1570dc8eb5bdb63e3d5"}, "conv_triplet_8191538558498929673_1754949842": {"doc_hash": "7d3a303e401818687eefe0abbb9912ddcac013f5932e712cf18c0987e92ed3cc"}, "conv_triplet_-7801699182098785195_1754949842": {"doc_hash": "a2e05ba37326312591eed0fb2fabc5a8ed20b0703fdd0dc2970814472ba2e31a"}, "conv_triplet_-9001208177593679892_1754950267": {"doc_hash": "aa4e33bd10fcf18193a12856322d660f2cf40824a7e02e01a34859c35c378527"}, "conv_triplet_-4427069578489147767_1754950267": {"doc_hash": "6b6e18e9c40672ef1b8cbfe876c81642cc1a75faab6b357e9e10afef5e3a2633"}, "conv_triplet_-7801699182098785195_1754950267": {"doc_hash": "a2e05ba37326312591eed0fb2fabc5a8ed20b0703fdd0dc2970814472ba2e31a"}, "conv_triplet_6647920960925748226_1755145356": {"doc_hash": "bd81325c016bf8ea4643716b013a53061e93183ed428e7fbe02115a88973fd23"}, "conv_triplet_-9182128725999056140_1755145356": {"doc_hash": "a92e2026c5eaa2e505763b07ca5d967d90c392bc1f8b435ac56472c93994c715"}, "conv_triplet_-6532743895707611032_1755145356": {"doc_hash": "722e7da176d06c94ced680164f3a67f0f34bd53d087af60ad2e8d4e9a024f2d2"}}, "docstore/ref_doc_info": {"8d9ea5f0-fa85-4503-9fc5-0494c9065650": {"node_ids": ["b2e85b15-f576-4144-96e7-3fd2fde12a7e"], "metadata": {"source": "system", "type": "initialization"}}}}
