{"graph_dict": {"Subject": [["Predicate", "Object"]], "Alice": [["Is mother of", "Bob"]], "Philz": [["Is", "Coffee shop"], ["Founded in", "Berkeley"], ["Founded in", "1982"]], "Rocky": [["relates_to", "Mountains"]], "Mountains": [["mentioned_with", "Partner"]], "User": [["discussed", "Rocky"], ["discussed", "Create"], ["discussed", "Dont"], ["discussed", "What"], ["discussed", "Live"], ["discussed", "That"], ["discussed", "Build"], ["discussed", "Started"], ["discussed", "Traveled"]], "Create": [["relates_to", "Triagngualr"]], "Triagngualr": [["mentioned_with", "Support"]], "Dont": [["relates_to", "Have"]], "Have": [["mentioned_with", "What"]], "What": [["relates_to", "Best"], ["relates_to", "Your"], ["relates_to", "Wild"]], "Best": [["mentioned_with", "Build"], ["mentioned_with", "Have"]], "Your": [["mentioned_with", "Name"]], "Live": [["relates_to", "Francisco"]], "Francisco": [["mentioned_with", "There"]], "Build": [["relates_to", "Fire"]], "Started": [["relates_to", "With"]], "With": [["mentioned_with", "Planting"]], "Wild": [["mentioned_with", "Plants"]], "Traveled": [["relates_to", "Inodnesia"]], "Inodnesia": [["mentioned_with", "Martial"]]}}
