{"index_store/data": {"803f6e79-45b4-4ffc-a62b-29a1c994e297": {"__type__": "kg", "__data__": "{\"index_id\": \"803f6e79-45b4-4ffc-a62b-29a1c994e297\", \"summary\": null, \"table\": {\"Subject\": [\"b2e85b15-f576-4144-96e7-3fd2fde12a7e\"], \"Object\": [\"b2e85b15-f576-4144-96e7-3fd2fde12a7e\"], \"Alice\": [\"b2e85b15-f576-4144-96e7-3fd2fde12a7e\"], \"Bob\": [\"b2e85b15-f576-4144-96e7-3fd2fde12a7e\"], \"Philz\": [\"b2e85b15-f576-4144-96e7-3fd2fde12a7e\"], \"Coffee shop\": [\"b2e85b15-f576-4144-96e7-3fd2fde12a7e\"], \"Berkeley\": [\"b2e85b15-f576-4144-96e7-3fd2fde12a7e\"], \"1982\": [\"b2e85b15-f576-4144-96e7-3fd2fde12a7e\"]}, \"rel_map\": {}, \"embedding_dict\": {}}"}}}
