{"graph_dict": {"System": [["Was initialized on", "2025-08-03"]], "Knowledge graph": [["Initialized on", "2025-08-03t14:13:23.213166"]], "Conversation": [["Will be used to update", "Knowledge graph"]], "solar_panel": [["converts", "sunlight_to_electricity"], ["requires", "sunlight"], ["has_efficiency", "20_percent"], ["lasts", "25_years"]], "photovoltaic_cell": [["is_part_of", "solar_panel"]], "silicon": [["is_material_in", "photovoltaic_cell"]], "lithium_battery": [["stores", "electrical_energy"], ["has_capacity", "10_kwh"], ["provides", "backup_power"], ["charges_from", "solar_panel"], ["discharges_to", "home_appliances"]], "battery_management_system": [["controls", "lithium_battery"]], "power_inverter": [["converts", "dc_to_ac"], ["has_efficiency", "95_percent"], ["connects_to", "electrical_grid"]], "dc_power": [["comes_from", "solar_panel"]], "ac_power": [["goes_to", "home_appliances"]], "grid_tie_inverter": [["synchronizes_with", "electrical_grid"]], "solar_system": [["includes", "solar_panel"], ["includes", "lithium_battery"], ["includes", "power_inverter"]], "charge_controller": [["regulates", "battery_charging"]], "monitoring_system": [["tracks", "energy_production"]], "net_metering": [["measures", "grid_interaction"]]}}
