{"index_store/data": {"01ee71f1-8d5a-4323-85c3-1a8cb6e5d701": {"__type__": "kg", "__data__": "{\"index_id\": \"01ee71f1-8d5a-4323-85c3-1a8cb6e5d701\", \"summary\": null, \"table\": {\"System\": [\"569489a3-f3ea-4a68-8ea7-a8d6c23795f8\"], \"2025-08-03\": [\"569489a3-f3ea-4a68-8ea7-a8d6c23795f8\"], \"Knowledge graph\": [\"569489a3-f3ea-4a68-8ea7-a8d6c23795f8\"], \"2025-08-03t14:13:23.213166\": [\"569489a3-f3ea-4a68-8ea7-a8d6c23795f8\"], \"Conversation\": [\"569489a3-f3ea-4a68-8ea7-a8d6c23795f8\"]}, \"rel_map\": {}, \"embedding_dict\": {}}"}}}
